[{"model": "admin.logentry", "pk": 1, "fields": {"action_time": "2023-09-18T08:19:32.721Z", "user": 1, "content_type": 7, "object_id": "1", "object_repr": "roundhouserecords.example.com", "action_flag": 2, "change_message": "[{\"changed\": {\"fields\": [\"Domain name\", \"Display name\"]}}]"}}, {"model": "admin.logentry", "pk": 2, "fields": {"action_time": "2023-10-12T11:18:42.926Z", "user": 1, "content_type": 13, "object_id": "1", "object_repr": "New arrival", "action_flag": 1, "change_message": "[{\"added\": {}}]"}}, {"model": "admin.logentry", "pk": 3, "fields": {"action_time": "2023-10-12T11:21:53.229Z", "user": 1, "content_type": 14, "object_id": "1", "object_repr": "Hifi Shades Of Grey", "action_flag": 1, "change_message": "[{\"added\": {}}]"}}, {"model": "admin.logentry", "pk": 4, "fields": {"action_time": "2023-10-12T11:23:56.940Z", "user": 1, "content_type": 14, "object_id": "2", "object_repr": "Hip Hop / g'Head", "action_flag": 1, "change_message": "[{\"added\": {}}]"}}, {"model": "admin.logentry", "pk": 5, "fields": {"action_time": "2023-10-12T11:24:59.096Z", "user": 1, "content_type": 14, "object_id": "3", "object_repr": "1990's​​​-​​​ISH (Part 2)", "action_flag": 1, "change_message": "[{\"added\": {}}]"}}, {"model": "admin.logentry", "pk": 6, "fields": {"action_time": "2023-10-12T11:25:53.207Z", "user": 1, "content_type": 14, "object_id": "4", "object_repr": "1990's​-​ISH (Part 1)", "action_flag": 1, "change_message": "[{\"added\": {}}]"}}, {"model": "admin.logentry", "pk": 7, "fields": {"action_time": "2023-10-12T11:45:03.980Z", "user": 1, "content_type": 13, "object_id": "2", "object_repr": "Deep House", "action_flag": 1, "change_message": "[{\"added\": {}}]"}}, {"model": "admin.logentry", "pk": 8, "fields": {"action_time": "2023-10-12T11:46:03.964Z", "user": 1, "content_type": 14, "object_id": "5", "object_repr": "Close To The Source (FT. Ricoh)", "action_flag": 1, "change_message": "[{\"added\": {}}]"}}, {"model": "admin.logentry", "pk": 9, "fields": {"action_time": "2023-10-12T11:46:58.108Z", "user": 1, "content_type": 14, "object_id": "6", "object_repr": "Jack​-​Ish", "action_flag": 1, "change_message": "[{\"added\": {}}]"}}, {"model": "admin.logentry", "pk": 10, "fields": {"action_time": "2023-10-12T11:47:45.751Z", "user": 1, "content_type": 14, "object_id": "7", "object_repr": "Massilia", "action_flag": 1, "change_message": "[{\"added\": {}}]"}}, {"model": "admin.logentry", "pk": 11, "fields": {"action_time": "2023-10-12T11:48:48.433Z", "user": 1, "content_type": 14, "object_id": "8", "object_repr": "Let It Go", "action_flag": 1, "change_message": "[{\"added\": {}}]"}}, {"model": "admin.logentry", "pk": 12, "fields": {"action_time": "2023-10-12T16:16:26.740Z", "user": 1, "content_type": 13, "object_id": "3", "object_repr": "House", "action_flag": 1, "change_message": "[{\"added\": {}}]"}}, {"model": "admin.logentry", "pk": 13, "fields": {"action_time": "2023-10-12T16:16:30.352Z", "user": 1, "content_type": 14, "object_id": "8", "object_repr": "Let It Go", "action_flag": 2, "change_message": "[{\"changed\": {\"fields\": [\"Category\"]}}]"}}, {"model": "admin.logentry", "pk": 14, "fields": {"action_time": "2023-10-12T16:19:56.775Z", "user": 1, "content_type": 13, "object_id": "4", "object_repr": "clothing", "action_flag": 1, "change_message": "[{\"added\": {}}]"}}, {"model": "admin.logentry", "pk": 15, "fields": {"action_time": "2023-10-12T16:20:45.433Z", "user": 1, "content_type": 14, "object_id": "9", "object_repr": "T-shirt", "action_flag": 1, "change_message": "[{\"added\": {}}]"}}, {"model": "admin.logentry", "pk": 16, "fields": {"action_time": "2023-10-12T16:21:40.509Z", "user": 1, "content_type": 14, "object_id": "10", "object_repr": "T-shirt Black", "action_flag": 1, "change_message": "[{\"added\": {}}]"}}, {"model": "admin.logentry", "pk": 17, "fields": {"action_time": "2023-10-12T16:24:14.659Z", "user": 1, "content_type": 13, "object_id": "4", "object_repr": "T-shirt", "action_flag": 2, "change_message": "[{\"changed\": {\"fields\": [\"Name\"]}}]"}}, {"model": "admin.logentry", "pk": 18, "fields": {"action_time": "2023-10-12T16:28:34.835Z", "user": 1, "content_type": 14, "object_id": "11", "object_repr": "Sum Luv / Styrax (Zed Bias Remixes)", "action_flag": 1, "change_message": "[{\"added\": {}}]"}}, {"model": "admin.logentry", "pk": 19, "fields": {"action_time": "2023-10-13T08:32:06.958Z", "user": 1, "content_type": 13, "object_id": "4", "object_repr": "T-shirt", "action_flag": 2, "change_message": "[{\"changed\": {\"fields\": [\"Friendly name\"]}}]"}}, {"model": "admin.logentry", "pk": 20, "fields": {"action_time": "2023-10-13T08:32:20.839Z", "user": 1, "content_type": 13, "object_id": "3", "object_repr": "House", "action_flag": 2, "change_message": "[{\"changed\": {\"fields\": [\"Friendly name\"]}}]"}}, {"model": "admin.logentry", "pk": 21, "fields": {"action_time": "2023-10-13T08:32:30.243Z", "user": 1, "content_type": 13, "object_id": "2", "object_repr": "Deep House", "action_flag": 2, "change_message": "[{\"changed\": {\"fields\": [\"Friendly name\"]}}]"}}, {"model": "admin.logentry", "pk": 22, "fields": {"action_time": "2023-10-13T08:32:38.940Z", "user": 1, "content_type": 13, "object_id": "1", "object_repr": "New arrival", "action_flag": 2, "change_message": "[{\"changed\": {\"fields\": [\"Friendly name\"]}}]"}}, {"model": "admin.logentry", "pk": 23, "fields": {"action_time": "2023-10-13T08:32:58.020Z", "user": 1, "content_type": 13, "object_id": "5", "object_repr": "sweatshirts", "action_flag": 1, "change_message": "[{\"added\": {}}]"}}, {"model": "admin.logentry", "pk": 24, "fields": {"action_time": "2023-10-13T08:33:13.549Z", "user": 1, "content_type": 13, "object_id": "6", "object_repr": "caps", "action_flag": 1, "change_message": "[{\"added\": {}}]"}}, {"model": "admin.logentry", "pk": 25, "fields": {"action_time": "2023-10-13T08:35:49.600Z", "user": 1, "content_type": 13, "object_id": "7", "object_repr": "clothing", "action_flag": 1, "change_message": "[{\"added\": {}}]"}}, {"model": "admin.logentry", "pk": 26, "fields": {"action_time": "2023-10-13T08:35:52.297Z", "user": 1, "content_type": 14, "object_id": "9", "object_repr": "T-shirt", "action_flag": 2, "change_message": "[{\"changed\": {\"fields\": [\"Category\"]}}]"}}, {"model": "admin.logentry", "pk": 27, "fields": {"action_time": "2023-10-13T08:36:36.292Z", "user": 1, "content_type": 13, "object_id": "7", "object_repr": "Clothing", "action_flag": 2, "change_message": "[{\"changed\": {\"fields\": [\"Name\"]}}]"}}, {"model": "admin.logentry", "pk": 28, "fields": {"action_time": "2023-10-13T08:36:58.645Z", "user": 1, "content_type": 13, "object_id": "7", "object_repr": "Clothing", "action_flag": 2, "change_message": "[{\"changed\": {\"fields\": [\"Friendly name\"]}}]"}}, {"model": "admin.logentry", "pk": 29, "fields": {"action_time": "2023-10-13T08:57:30.797Z", "user": 1, "content_type": 14, "object_id": "12", "object_repr": "SNEK Grey sweatshirt", "action_flag": 1, "change_message": "[{\"added\": {}}]"}}, {"model": "admin.logentry", "pk": 30, "fields": {"action_time": "2023-10-13T08:58:14.168Z", "user": 1, "content_type": 14, "object_id": "13", "object_repr": "SNEK Grey sweatshirt mens", "action_flag": 1, "change_message": "[{\"added\": {}}]"}}, {"model": "admin.logentry", "pk": 31, "fields": {"action_time": "2023-10-13T08:59:26.004Z", "user": 1, "content_type": 14, "object_id": "14", "object_repr": "SNEK hoodie", "action_flag": 1, "change_message": "[{\"added\": {}}]"}}, {"model": "admin.logentry", "pk": 32, "fields": {"action_time": "2023-10-13T09:00:49.146Z", "user": 1, "content_type": 14, "object_id": "15", "object_repr": "SNEK Forrest Green Unisex Logo T-shirt", "action_flag": 1, "change_message": "[{\"added\": {}}]"}}, {"model": "admin.logentry", "pk": 33, "fields": {"action_time": "2023-10-13T09:01:48.325Z", "user": 1, "content_type": 14, "object_id": "16", "object_repr": "SNEK Charcoal Unisex Logo T-shirt", "action_flag": 1, "change_message": "[{\"added\": {}}]"}}, {"model": "admin.logentry", "pk": 34, "fields": {"action_time": "2023-10-13T09:03:19.709Z", "user": 1, "content_type": 14, "object_id": "17", "object_repr": "SNEK unisex red t-shirt", "action_flag": 1, "change_message": "[{\"added\": {}}]"}}, {"model": "admin.logentry", "pk": 35, "fields": {"action_time": "2023-10-13T09:04:10.201Z", "user": 1, "content_type": 14, "object_id": "18", "object_repr": "King of SNEK unisex t-shirt", "action_flag": 1, "change_message": "[{\"added\": {}}]"}}, {"model": "admin.logentry", "pk": 36, "fields": {"action_time": "2023-10-13T09:05:08.185Z", "user": 1, "content_type": 14, "object_id": "19", "object_repr": "Snek logo beanie", "action_flag": 1, "change_message": "[{\"added\": {}}]"}}, {"model": "admin.logentry", "pk": 37, "fields": {"action_time": "2023-10-13T09:05:59.997Z", "user": 1, "content_type": 14, "object_id": "20", "object_repr": "snek floral cap", "action_flag": 1, "change_message": "[{\"added\": {}}]"}}, {"model": "admin.logentry", "pk": 38, "fields": {"action_time": "2023-10-13T09:07:49.649Z", "user": 1, "content_type": 14, "object_id": "12", "object_repr": "SNEK Grey sweatshirt", "action_flag": 2, "change_message": "[{\"changed\": {\"fields\": [\"Category\"]}}]"}}, {"model": "admin.logentry", "pk": 39, "fields": {"action_time": "2023-10-13T11:25:34.918Z", "user": 1, "content_type": 14, "object_id": "1", "object_repr": "Hifi Shades Of Grey", "action_flag": 3, "change_message": ""}}, {"model": "admin.logentry", "pk": 40, "fields": {"action_time": "2023-10-13T11:25:34.921Z", "user": 1, "content_type": 14, "object_id": "2", "object_repr": "Hip Hop / g'Head", "action_flag": 3, "change_message": ""}}, {"model": "admin.logentry", "pk": 41, "fields": {"action_time": "2023-10-13T11:25:34.922Z", "user": 1, "content_type": 14, "object_id": "3", "object_repr": "1990's​​​-​​​ISH (Part 2)", "action_flag": 3, "change_message": ""}}, {"model": "admin.logentry", "pk": 42, "fields": {"action_time": "2023-10-13T11:25:34.924Z", "user": 1, "content_type": 14, "object_id": "4", "object_repr": "1990's​-​ISH (Part 1)", "action_flag": 3, "change_message": ""}}, {"model": "admin.logentry", "pk": 43, "fields": {"action_time": "2023-10-13T11:25:34.926Z", "user": 1, "content_type": 14, "object_id": "5", "object_repr": "Close To The Source (FT. Ricoh)", "action_flag": 3, "change_message": ""}}, {"model": "admin.logentry", "pk": 44, "fields": {"action_time": "2023-10-13T11:25:34.927Z", "user": 1, "content_type": 14, "object_id": "6", "object_repr": "Jack​-​Ish", "action_flag": 3, "change_message": ""}}, {"model": "admin.logentry", "pk": 45, "fields": {"action_time": "2023-10-13T11:25:34.929Z", "user": 1, "content_type": 14, "object_id": "8", "object_repr": "Let It Go", "action_flag": 3, "change_message": ""}}, {"model": "admin.logentry", "pk": 46, "fields": {"action_time": "2023-10-13T11:25:34.930Z", "user": 1, "content_type": 14, "object_id": "7", "object_repr": "Massilia", "action_flag": 3, "change_message": ""}}, {"model": "admin.logentry", "pk": 47, "fields": {"action_time": "2023-10-13T11:25:34.931Z", "user": 1, "content_type": 14, "object_id": "11", "object_repr": "Sum Luv / Styrax (Zed Bias Remixes)", "action_flag": 3, "change_message": ""}}, {"model": "admin.logentry", "pk": 48, "fields": {"action_time": "2023-10-13T11:25:34.933Z", "user": 1, "content_type": 14, "object_id": "9", "object_repr": "T-shirt", "action_flag": 3, "change_message": ""}}, {"model": "admin.logentry", "pk": 49, "fields": {"action_time": "2023-10-13T11:25:34.934Z", "user": 1, "content_type": 14, "object_id": "10", "object_repr": "T-shirt Black", "action_flag": 3, "change_message": ""}}, {"model": "admin.logentry", "pk": 50, "fields": {"action_time": "2023-10-13T14:09:50.538Z", "user": 1, "content_type": 13, "object_id": "8", "object_repr": "sweatshirts", "action_flag": 1, "change_message": "[{\"added\": {}}]"}}, {"model": "admin.logentry", "pk": 51, "fields": {"action_time": "2023-10-13T14:09:56.015Z", "user": 1, "content_type": 14, "object_id": "13", "object_repr": "SNEK Grey sweatshirt mens", "action_flag": 2, "change_message": "[{\"changed\": {\"fields\": [\"Category\"]}}]"}}, {"model": "admin.logentry", "pk": 52, "fields": {"action_time": "2023-10-13T14:10:33.176Z", "user": 1, "content_type": 14, "object_id": "12", "object_repr": "SNEK Grey sweatshirt", "action_flag": 2, "change_message": "[{\"changed\": {\"fields\": [\"Category\"]}}]"}}, {"model": "admin.logentry", "pk": 53, "fields": {"action_time": "2023-10-13T14:10:44.843Z", "user": 1, "content_type": 14, "object_id": "14", "object_repr": "SNEK hoodie", "action_flag": 2, "change_message": "[{\"changed\": {\"fields\": [\"Category\"]}}]"}}, {"model": "admin.logentry", "pk": 54, "fields": {"action_time": "2023-10-13T14:11:12.176Z", "user": 1, "content_type": 13, "object_id": "9", "object_repr": "t-shirts", "action_flag": 1, "change_message": "[{\"added\": {}}]"}}, {"model": "admin.logentry", "pk": 55, "fields": {"action_time": "2023-10-13T14:11:14.419Z", "user": 1, "content_type": 14, "object_id": "15", "object_repr": "SNEK Forrest Green Unisex Logo T-shirt", "action_flag": 2, "change_message": "[{\"changed\": {\"fields\": [\"Category\"]}}]"}}, {"model": "admin.logentry", "pk": 56, "fields": {"action_time": "2023-10-13T14:12:02.881Z", "user": 1, "content_type": 13, "object_id": "10", "object_repr": "tees", "action_flag": 1, "change_message": "[{\"added\": {}}]"}}, {"model": "admin.logentry", "pk": 57, "fields": {"action_time": "2023-10-13T14:12:05.659Z", "user": 1, "content_type": 14, "object_id": "15", "object_repr": "SNEK Forrest Green Unisex Logo T-shirt", "action_flag": 2, "change_message": "[{\"changed\": {\"fields\": [\"Category\"]}}]"}}, {"model": "admin.logentry", "pk": 58, "fields": {"action_time": "2023-10-13T14:13:25.542Z", "user": 1, "content_type": 13, "object_id": "10", "object_repr": "tees", "action_flag": 3, "change_message": ""}}, {"model": "admin.logentry", "pk": 59, "fields": {"action_time": "2023-10-13T14:13:36.914Z", "user": 1, "content_type": 13, "object_id": "9", "object_repr": "t-shirts", "action_flag": 3, "change_message": ""}}, {"model": "admin.logentry", "pk": 60, "fields": {"action_time": "2023-10-13T14:13:51.439Z", "user": 1, "content_type": 13, "object_id": "7", "object_repr": "Clothing", "action_flag": 3, "change_message": ""}}, {"model": "admin.logentry", "pk": 61, "fields": {"action_time": "2023-10-13T14:14:32.732Z", "user": 1, "content_type": 13, "object_id": "11", "object_repr": "t_shirts", "action_flag": 1, "change_message": "[{\"added\": {}}]"}}, {"model": "admin.logentry", "pk": 62, "fields": {"action_time": "2023-10-13T14:14:37.211Z", "user": 1, "content_type": 14, "object_id": "15", "object_repr": "SNEK Forrest Green Unisex Logo T-shirt", "action_flag": 2, "change_message": "[{\"changed\": {\"fields\": [\"Category\"]}}]"}}, {"model": "admin.logentry", "pk": 63, "fields": {"action_time": "2023-10-13T14:15:00.080Z", "user": 1, "content_type": 14, "object_id": "16", "object_repr": "SNEK Charcoal Unisex Logo T-shirt", "action_flag": 2, "change_message": "[{\"changed\": {\"fields\": [\"Category\"]}}]"}}, {"model": "admin.logentry", "pk": 64, "fields": {"action_time": "2023-10-13T14:15:10.413Z", "user": 1, "content_type": 14, "object_id": "17", "object_repr": "SNEK unisex red t-shirt", "action_flag": 2, "change_message": "[{\"changed\": {\"fields\": [\"Category\"]}}]"}}, {"model": "admin.logentry", "pk": 65, "fields": {"action_time": "2023-10-13T14:15:21.783Z", "user": 1, "content_type": 14, "object_id": "18", "object_repr": "King of SNEK unisex t-shirt", "action_flag": 2, "change_message": "[{\"changed\": {\"fields\": [\"Category\"]}}]"}}, {"model": "admin.logentry", "pk": 66, "fields": {"action_time": "2023-10-13T14:15:33.880Z", "user": 1, "content_type": 14, "object_id": "20", "object_repr": "snek floral cap", "action_flag": 2, "change_message": "[{\"changed\": {\"fields\": [\"Has sizes\"]}}]"}}, {"model": "admin.logentry", "pk": 67, "fields": {"action_time": "2023-10-13T14:15:44.187Z", "user": 1, "content_type": 14, "object_id": "19", "object_repr": "Snek logo beanie", "action_flag": 2, "change_message": "[{\"changed\": {\"fields\": [\"Has sizes\"]}}]"}}, {"model": "admin.logentry", "pk": 68, "fields": {"action_time": "2023-10-13T14:28:44.588Z", "user": 1, "content_type": 14, "object_id": "21", "object_repr": "Hifi Shades Of Grey", "action_flag": 1, "change_message": "[{\"added\": {}}]"}}, {"model": "admin.logentry", "pk": 69, "fields": {"action_time": "2023-10-13T14:29:24.243Z", "user": 1, "content_type": 13, "object_id": "12", "object_repr": "deep_house", "action_flag": 1, "change_message": "[{\"added\": {}}]"}}, {"model": "admin.logentry", "pk": 70, "fields": {"action_time": "2023-10-13T14:29:27.875Z", "user": 1, "content_type": 14, "object_id": "21", "object_repr": "Hifi Shades Of Grey", "action_flag": 2, "change_message": "[{\"changed\": {\"fields\": [\"Category\"]}}]"}}, {"model": "admin.logentry", "pk": 71, "fields": {"action_time": "2023-10-13T14:30:51.976Z", "user": 1, "content_type": 14, "object_id": "22", "object_repr": "Hip Hop / g'Head", "action_flag": 1, "change_message": "[{\"added\": {}}]"}}, {"model": "admin.logentry", "pk": 72, "fields": {"action_time": "2023-10-13T14:31:48.813Z", "user": 1, "content_type": 14, "object_id": "23", "object_repr": "1990's​​​-​​​ISH (Part 2)", "action_flag": 1, "change_message": "[{\"added\": {}}]"}}, {"model": "admin.logentry", "pk": 73, "fields": {"action_time": "2023-10-13T14:32:27.995Z", "user": 1, "content_type": 13, "object_id": "13", "object_repr": "house", "action_flag": 1, "change_message": "[{\"added\": {}}]"}}, {"model": "admin.logentry", "pk": 74, "fields": {"action_time": "2023-10-13T14:32:31.976Z", "user": 1, "content_type": 14, "object_id": "23", "object_repr": "1990's​​​-​​​ISH (Part 2)", "action_flag": 2, "change_message": "[{\"changed\": {\"fields\": [\"Category\"]}}]"}}, {"model": "admin.logentry", "pk": 75, "fields": {"action_time": "2023-10-13T14:33:56.782Z", "user": 1, "content_type": 14, "object_id": "24", "object_repr": "1990's​-​ISH (Part 1)", "action_flag": 1, "change_message": "[{\"added\": {}}]"}}, {"model": "admin.logentry", "pk": 76, "fields": {"action_time": "2023-10-13T15:12:18.706Z", "user": 1, "content_type": 14, "object_id": "25", "object_repr": "Close To The Source (FT. Ricoh)", "action_flag": 1, "change_message": "[{\"added\": {}}]"}}, {"model": "admin.logentry", "pk": 77, "fields": {"action_time": "2023-10-13T15:13:18.042Z", "user": 1, "content_type": 14, "object_id": "26", "object_repr": "Jack​-​Ish", "action_flag": 1, "change_message": "[{\"added\": {}}]"}}, {"model": "admin.logentry", "pk": 78, "fields": {"action_time": "2023-10-13T15:14:44.916Z", "user": 1, "content_type": 14, "object_id": "27", "object_repr": "Massilia", "action_flag": 1, "change_message": "[{\"added\": {}}]"}}, {"model": "admin.logentry", "pk": 79, "fields": {"action_time": "2023-10-13T15:15:47.391Z", "user": 1, "content_type": 14, "object_id": "28", "object_repr": "Let It Go", "action_flag": 1, "change_message": "[{\"added\": {}}]"}}, {"model": "admin.logentry", "pk": 80, "fields": {"action_time": "2023-10-13T15:16:43.230Z", "user": 1, "content_type": 14, "object_id": "29", "object_repr": "Sum Luv / Styrax (Zed Bias Remixes)", "action_flag": 1, "change_message": "[{\"added\": {}}]"}}, {"model": "admin.logentry", "pk": 81, "fields": {"action_time": "2023-10-13T15:17:42.472Z", "user": 1, "content_type": 14, "object_id": "30", "object_repr": "Local Talk - 13 Years Later (Part 2)", "action_flag": 1, "change_message": "[{\"added\": {}}]"}}, {"model": "admin.logentry", "pk": 82, "fields": {"action_time": "2023-10-13T15:18:42.404Z", "user": 1, "content_type": 14, "object_id": "31", "object_repr": "Local Talk 13 Years Later (Part 1)", "action_flag": 1, "change_message": "[{\"added\": {}}]"}}, {"model": "admin.logentry", "pk": 83, "fields": {"action_time": "2023-10-15T23:09:33.718Z", "user": 3, "content_type": 14, "object_id": "21", "object_repr": "Hifi Shades Of Grey", "action_flag": 2, "change_message": "[{\"changed\": {\"fields\": [\"Spotify Sample URL\"]}}]"}}, {"model": "admin.logentry", "pk": 84, "fields": {"action_time": "2023-10-15T23:11:04.195Z", "user": 3, "content_type": 14, "object_id": "21", "object_repr": "Hifi Shades Of Grey", "action_flag": 2, "change_message": "[{\"changed\": {\"fields\": [\"Spotify Sample URL\"]}}]"}}, {"model": "admin.logentry", "pk": 85, "fields": {"action_time": "2023-10-16T12:22:34.471Z", "user": 3, "content_type": 8, "object_id": "1", "object_repr": "kristiansmith@me.com", "action_flag": 2, "change_message": "[{\"changed\": {\"fields\": [\"Verified\", \"Primary\"]}}]"}}, {"model": "auth.permission", "pk": 1, "fields": {"name": "Can add log entry", "content_type": 1, "codename": "add_logentry"}}, {"model": "auth.permission", "pk": 2, "fields": {"name": "Can change log entry", "content_type": 1, "codename": "change_logentry"}}, {"model": "auth.permission", "pk": 3, "fields": {"name": "Can delete log entry", "content_type": 1, "codename": "delete_logentry"}}, {"model": "auth.permission", "pk": 4, "fields": {"name": "Can view log entry", "content_type": 1, "codename": "view_logentry"}}, {"model": "auth.permission", "pk": 5, "fields": {"name": "Can add permission", "content_type": 2, "codename": "add_permission"}}, {"model": "auth.permission", "pk": 6, "fields": {"name": "Can change permission", "content_type": 2, "codename": "change_permission"}}, {"model": "auth.permission", "pk": 7, "fields": {"name": "Can delete permission", "content_type": 2, "codename": "delete_permission"}}, {"model": "auth.permission", "pk": 8, "fields": {"name": "Can view permission", "content_type": 2, "codename": "view_permission"}}, {"model": "auth.permission", "pk": 9, "fields": {"name": "Can add group", "content_type": 3, "codename": "add_group"}}, {"model": "auth.permission", "pk": 10, "fields": {"name": "Can change group", "content_type": 3, "codename": "change_group"}}, {"model": "auth.permission", "pk": 11, "fields": {"name": "Can delete group", "content_type": 3, "codename": "delete_group"}}, {"model": "auth.permission", "pk": 12, "fields": {"name": "Can view group", "content_type": 3, "codename": "view_group"}}, {"model": "auth.permission", "pk": 13, "fields": {"name": "Can add user", "content_type": 4, "codename": "add_user"}}, {"model": "auth.permission", "pk": 14, "fields": {"name": "Can change user", "content_type": 4, "codename": "change_user"}}, {"model": "auth.permission", "pk": 15, "fields": {"name": "Can delete user", "content_type": 4, "codename": "delete_user"}}, {"model": "auth.permission", "pk": 16, "fields": {"name": "Can view user", "content_type": 4, "codename": "view_user"}}, {"model": "auth.permission", "pk": 17, "fields": {"name": "Can add content type", "content_type": 5, "codename": "add_contenttype"}}, {"model": "auth.permission", "pk": 18, "fields": {"name": "Can change content type", "content_type": 5, "codename": "change_contenttype"}}, {"model": "auth.permission", "pk": 19, "fields": {"name": "Can delete content type", "content_type": 5, "codename": "delete_contenttype"}}, {"model": "auth.permission", "pk": 20, "fields": {"name": "Can view content type", "content_type": 5, "codename": "view_contenttype"}}, {"model": "auth.permission", "pk": 21, "fields": {"name": "Can add session", "content_type": 6, "codename": "add_session"}}, {"model": "auth.permission", "pk": 22, "fields": {"name": "Can change session", "content_type": 6, "codename": "change_session"}}, {"model": "auth.permission", "pk": 23, "fields": {"name": "Can delete session", "content_type": 6, "codename": "delete_session"}}, {"model": "auth.permission", "pk": 24, "fields": {"name": "Can view session", "content_type": 6, "codename": "view_session"}}, {"model": "auth.permission", "pk": 25, "fields": {"name": "Can add site", "content_type": 7, "codename": "add_site"}}, {"model": "auth.permission", "pk": 26, "fields": {"name": "Can change site", "content_type": 7, "codename": "change_site"}}, {"model": "auth.permission", "pk": 27, "fields": {"name": "Can delete site", "content_type": 7, "codename": "delete_site"}}, {"model": "auth.permission", "pk": 28, "fields": {"name": "Can view site", "content_type": 7, "codename": "view_site"}}, {"model": "auth.permission", "pk": 29, "fields": {"name": "Can add email address", "content_type": 8, "codename": "add_emailaddress"}}, {"model": "auth.permission", "pk": 30, "fields": {"name": "Can change email address", "content_type": 8, "codename": "change_emailaddress"}}, {"model": "auth.permission", "pk": 31, "fields": {"name": "Can delete email address", "content_type": 8, "codename": "delete_emailaddress"}}, {"model": "auth.permission", "pk": 32, "fields": {"name": "Can view email address", "content_type": 8, "codename": "view_emailaddress"}}, {"model": "auth.permission", "pk": 33, "fields": {"name": "Can add email confirmation", "content_type": 9, "codename": "add_emailconfirmation"}}, {"model": "auth.permission", "pk": 34, "fields": {"name": "Can change email confirmation", "content_type": 9, "codename": "change_emailconfirmation"}}, {"model": "auth.permission", "pk": 35, "fields": {"name": "Can delete email confirmation", "content_type": 9, "codename": "delete_emailconfirmation"}}, {"model": "auth.permission", "pk": 36, "fields": {"name": "Can view email confirmation", "content_type": 9, "codename": "view_emailconfirmation"}}, {"model": "auth.permission", "pk": 37, "fields": {"name": "Can add social account", "content_type": 10, "codename": "add_socialaccount"}}, {"model": "auth.permission", "pk": 38, "fields": {"name": "Can change social account", "content_type": 10, "codename": "change_socialaccount"}}, {"model": "auth.permission", "pk": 39, "fields": {"name": "Can delete social account", "content_type": 10, "codename": "delete_socialaccount"}}, {"model": "auth.permission", "pk": 40, "fields": {"name": "Can view social account", "content_type": 10, "codename": "view_socialaccount"}}, {"model": "auth.permission", "pk": 41, "fields": {"name": "Can add social application", "content_type": 11, "codename": "add_socialapp"}}, {"model": "auth.permission", "pk": 42, "fields": {"name": "Can change social application", "content_type": 11, "codename": "change_socialapp"}}, {"model": "auth.permission", "pk": 43, "fields": {"name": "Can delete social application", "content_type": 11, "codename": "delete_socialapp"}}, {"model": "auth.permission", "pk": 44, "fields": {"name": "Can view social application", "content_type": 11, "codename": "view_socialapp"}}, {"model": "auth.permission", "pk": 45, "fields": {"name": "Can add social application token", "content_type": 12, "codename": "add_socialtoken"}}, {"model": "auth.permission", "pk": 46, "fields": {"name": "Can change social application token", "content_type": 12, "codename": "change_socialtoken"}}, {"model": "auth.permission", "pk": 47, "fields": {"name": "Can delete social application token", "content_type": 12, "codename": "delete_socialtoken"}}, {"model": "auth.permission", "pk": 48, "fields": {"name": "Can view social application token", "content_type": 12, "codename": "view_socialtoken"}}, {"model": "auth.permission", "pk": 49, "fields": {"name": "Can add category", "content_type": 13, "codename": "add_category"}}, {"model": "auth.permission", "pk": 50, "fields": {"name": "Can change category", "content_type": 13, "codename": "change_category"}}, {"model": "auth.permission", "pk": 51, "fields": {"name": "Can delete category", "content_type": 13, "codename": "delete_category"}}, {"model": "auth.permission", "pk": 52, "fields": {"name": "Can view category", "content_type": 13, "codename": "view_category"}}, {"model": "auth.permission", "pk": 53, "fields": {"name": "Can add product", "content_type": 14, "codename": "add_product"}}, {"model": "auth.permission", "pk": 54, "fields": {"name": "Can change product", "content_type": 14, "codename": "change_product"}}, {"model": "auth.permission", "pk": 55, "fields": {"name": "Can delete product", "content_type": 14, "codename": "delete_product"}}, {"model": "auth.permission", "pk": 56, "fields": {"name": "Can view product", "content_type": 14, "codename": "view_product"}}, {"model": "auth.permission", "pk": 57, "fields": {"name": "Can add order", "content_type": 15, "codename": "add_order"}}, {"model": "auth.permission", "pk": 58, "fields": {"name": "Can change order", "content_type": 15, "codename": "change_order"}}, {"model": "auth.permission", "pk": 59, "fields": {"name": "Can delete order", "content_type": 15, "codename": "delete_order"}}, {"model": "auth.permission", "pk": 60, "fields": {"name": "Can view order", "content_type": 15, "codename": "view_order"}}, {"model": "auth.permission", "pk": 61, "fields": {"name": "Can add order line item", "content_type": 16, "codename": "add_orderlineitem"}}, {"model": "auth.permission", "pk": 62, "fields": {"name": "Can change order line item", "content_type": 16, "codename": "change_orderlineitem"}}, {"model": "auth.permission", "pk": 63, "fields": {"name": "Can delete order line item", "content_type": 16, "codename": "delete_orderlineitem"}}, {"model": "auth.permission", "pk": 64, "fields": {"name": "Can view order line item", "content_type": 16, "codename": "view_orderlineitem"}}, {"model": "auth.permission", "pk": 65, "fields": {"name": "Can add user profile", "content_type": 17, "codename": "add_userprofile"}}, {"model": "auth.permission", "pk": 66, "fields": {"name": "Can change user profile", "content_type": 17, "codename": "change_userprofile"}}, {"model": "auth.permission", "pk": 67, "fields": {"name": "Can delete user profile", "content_type": 17, "codename": "delete_userprofile"}}, {"model": "auth.permission", "pk": 68, "fields": {"name": "Can view user profile", "content_type": 17, "codename": "view_userprofile"}}, {"model": "auth.permission", "pk": 69, "fields": {"name": "Can add wishlist item", "content_type": 18, "codename": "add_wishlistitem"}}, {"model": "auth.permission", "pk": 70, "fields": {"name": "Can change wishlist item", "content_type": 18, "codename": "change_wishlistitem"}}, {"model": "auth.permission", "pk": 71, "fields": {"name": "Can delete wishlist item", "content_type": 18, "codename": "delete_wishlistitem"}}, {"model": "auth.permission", "pk": 72, "fields": {"name": "Can view wishlist item", "content_type": 18, "codename": "view_wishlistitem"}}, {"model": "auth.permission", "pk": 73, "fields": {"name": "Can add wishlist", "content_type": 19, "codename": "add_wishlist"}}, {"model": "auth.permission", "pk": 74, "fields": {"name": "Can change wishlist", "content_type": 19, "codename": "change_wishlist"}}, {"model": "auth.permission", "pk": 75, "fields": {"name": "Can delete wishlist", "content_type": 19, "codename": "delete_wishlist"}}, {"model": "auth.permission", "pk": 76, "fields": {"name": "Can view wishlist", "content_type": 19, "codename": "view_wishlist"}}, {"model": "auth.permission", "pk": 77, "fields": {"name": "Can add review", "content_type": 20, "codename": "add_review"}}, {"model": "auth.permission", "pk": 78, "fields": {"name": "Can change review", "content_type": 20, "codename": "change_review"}}, {"model": "auth.permission", "pk": 79, "fields": {"name": "Can delete review", "content_type": 20, "codename": "delete_review"}}, {"model": "auth.permission", "pk": 80, "fields": {"name": "Can view review", "content_type": 20, "codename": "view_review"}}, {"model": "auth.user", "pk": 1, "fields": {"password": "pbkdf2_sha256$260000$a9pzbSpgysIlSJ7932BvgX$sn+jU0hs0uJP4cgYj8OnJphrcDkxjdILKuVy/S9DGgM=", "last_login": "2023-10-15T12:34:40.591Z", "is_superuser": true, "username": "admin", "first_name": "", "last_name": "", "email": "kristiansmith@me.com", "is_staff": true, "is_active": true, "date_joined": "2023-09-18T08:15:06.337Z", "groups": [], "user_permissions": []}}, {"model": "auth.user", "pk": 2, "fields": {"password": "pbkdf2_sha256$260000$aac4z282FAIsiOhO0cw5az$bE2tuK6iE0TNlgkqbc/5bm6ob+sIrxc3diCue6tmbWE=", "last_login": "2023-10-15T16:24:25.983Z", "is_superuser": false, "username": "test", "first_name": "", "last_name": "", "email": "info@kode-s.nu", "is_staff": false, "is_active": true, "date_joined": "2023-10-15T10:09:19.359Z", "groups": [], "user_permissions": []}}, {"model": "auth.user", "pk": 3, "fields": {"password": "pbkdf2_sha256$260000$QrYXbP7QIqIw2chby2paQX$syEpvSI71tXKVM8SydMGxjSf6kTXcNB+wWZC4MjcBQI=", "last_login": "2023-10-15T23:07:51.895Z", "is_superuser": true, "username": "admin1", "first_name": "", "last_name": "", "email": "", "is_staff": true, "is_active": true, "date_joined": "2023-10-15T12:35:46.006Z", "groups": [], "user_permissions": []}}, {"model": "contenttypes.contenttype", "pk": 1, "fields": {"app_label": "admin", "model": "logentry"}}, {"model": "contenttypes.contenttype", "pk": 2, "fields": {"app_label": "auth", "model": "permission"}}, {"model": "contenttypes.contenttype", "pk": 3, "fields": {"app_label": "auth", "model": "group"}}, {"model": "contenttypes.contenttype", "pk": 4, "fields": {"app_label": "auth", "model": "user"}}, {"model": "contenttypes.contenttype", "pk": 5, "fields": {"app_label": "contenttypes", "model": "contenttype"}}, {"model": "contenttypes.contenttype", "pk": 6, "fields": {"app_label": "sessions", "model": "session"}}, {"model": "contenttypes.contenttype", "pk": 7, "fields": {"app_label": "sites", "model": "site"}}, {"model": "contenttypes.contenttype", "pk": 8, "fields": {"app_label": "account", "model": "emailaddress"}}, {"model": "contenttypes.contenttype", "pk": 9, "fields": {"app_label": "account", "model": "emailconfirmation"}}, {"model": "contenttypes.contenttype", "pk": 10, "fields": {"app_label": "socialaccount", "model": "socialaccount"}}, {"model": "contenttypes.contenttype", "pk": 11, "fields": {"app_label": "socialaccount", "model": "socialapp"}}, {"model": "contenttypes.contenttype", "pk": 12, "fields": {"app_label": "socialaccount", "model": "socialtoken"}}, {"model": "contenttypes.contenttype", "pk": 13, "fields": {"app_label": "products", "model": "category"}}, {"model": "contenttypes.contenttype", "pk": 14, "fields": {"app_label": "products", "model": "product"}}, {"model": "contenttypes.contenttype", "pk": 15, "fields": {"app_label": "checkout", "model": "order"}}, {"model": "contenttypes.contenttype", "pk": 16, "fields": {"app_label": "checkout", "model": "orderlineitem"}}, {"model": "contenttypes.contenttype", "pk": 17, "fields": {"app_label": "profiles", "model": "userprofile"}}, {"model": "contenttypes.contenttype", "pk": 18, "fields": {"app_label": "profiles", "model": "wishlistitem"}}, {"model": "contenttypes.contenttype", "pk": 19, "fields": {"app_label": "profiles", "model": "wishlist"}}, {"model": "contenttypes.contenttype", "pk": 20, "fields": {"app_label": "products", "model": "review"}}, {"model": "sessions.session", "pk": "8a2injliuns4zpezdbpckh6a1jds6a0k", "fields": {"session_data": ".eJxVjjsOgzAQBe_iGlkYvLZxmT5nQF7vLpBEIPGpEHcPSBRJ-2Y0ertq07b27bbw3A6kojKq-N0w5TePF6BXGrtJ52lc5wH1peibLvo5EX8et_sX6NPSX1lH3lpMACVUADZjCYwMQq5ByhxEvEcRsHUofbBgKhsEmFwScNycUUydivt5MNaFMpWK5ji-s6E9DA:1qrFZa:VLu-Gwk0ttXbuCyV18GN5sQtd3_luLx_6NLjX3YAJuA", "expire_date": "2023-10-27T10:39:14.026Z"}}, {"model": "sessions.session", "pk": "j09rz9xd4viy6oibosue5kd1wh25upvq", "fields": {"session_data": "eyJfc2Vzc2lvbl9leHBpcnkiOjB9:1qi9d9:M5Guh-p9a_0Ad-j33fnlm-xz_tG16cu6puo2EayCa5A", "expire_date": "2023-10-02T08:29:19.495Z"}}, {"model": "sessions.session", "pk": "kvqb9o5mkut3h9y8pctn8ava4akx12rx", "fields": {"session_data": "eyJiYWciOnsiMTMiOnsiaXRlbXNfYnlfc2l6ZSI6eyJtIjoxfX19fQ:1qsI2V:y456tii8Fl7ErgvKlvW-xmT4ws6chtVMwsnhsJUlSUw", "expire_date": "2023-10-30T07:29:23.907Z"}}, {"model": "sessions.session", "pk": "wtmhz2x416mdf7hrr9fqm5mttsenavxc", "fields": {"session_data": ".eJxVTEsOgyAUvAvrhgjIz2X3PQPh-UBpqyaii9b07oXERTuLyWR-B3F-30a357C6hKQjglx-PfD9I8w1wLufh4X2y7ytCWit0DPN9LZgeF7P7t_B6PNY1lJbY1EYEww3WsfYItNaMdXIYDlKbKzShhWhIjZRcYYWeNtH8EJiC-UU_EC6gzBROW1hyg5eLqd3qMZEOvYp-AIXYEQf:1qsMcF:6mnIdfwLzmkUE0CYoFwurkeKq3o4v65cz2jbg5EqRbw", "expire_date": "2023-10-30T12:22:35.075Z"}}, {"model": "sites.site", "pk": 1, "fields": {"domain": "roundhouserecords.example.com", "name": "Round House Records"}}, {"model": "account.emailaddress", "pk": 1, "fields": {"user": 1, "email": "kristiansmith@me.com", "verified": true, "primary": true}}, {"model": "account.emailaddress", "pk": 2, "fields": {"user": 2, "email": "info@kode-s.nu", "verified": true, "primary": true}}, {"model": "products.category", "pk": 1, "fields": {"name": "New arrival", "friendly_name": "new"}}, {"model": "products.category", "pk": 2, "fields": {"name": "Deep House", "friendly_name": "deep house"}}, {"model": "products.category", "pk": 3, "fields": {"name": "House", "friendly_name": "house music"}}, {"model": "products.category", "pk": 4, "fields": {"name": "T-shirt", "friendly_name": "t-shirts"}}, {"model": "products.category", "pk": 5, "fields": {"name": "sweatshirts", "friendly_name": "jumpers"}}, {"model": "products.category", "pk": 6, "fields": {"name": "caps", "friendly_name": "headwear"}}, {"model": "products.category", "pk": 8, "fields": {"name": "sweatshirts", "friendly_name": "jumpers"}}, {"model": "products.category", "pk": 11, "fields": {"name": "t_shirts", "friendly_name": "t-shirts"}}, {"model": "products.category", "pk": 12, "fields": {"name": "deep_house", "friendly_name": "Deep House"}}, {"model": "products.category", "pk": 13, "fields": {"name": "house", "friendly_name": "House"}}, {"model": "products.product", "pk": 12, "fields": {"category": 8, "sku": "snek001", "name": "SNEK Grey sweatshirt", "description": "SNEK branded dark heather raglan crew neck sweatshirt.\r\n\r\n100% Organic", "has_sizes": true, "price": "25.00", "rating": null, "image_url": null, "image": "994470_742729509174713_5095375561900327_n.jpg", "spotify_sample_url": null}}, {"model": "products.product", "pk": 13, "fields": {"category": 8, "sku": "snek002", "name": "SNEK Grey sweatshirt mens", "description": "SNEK branded mens dark heather raglan crew neck sweatshirt.\r\n\r\n100% Organic", "has_sizes": true, "price": "25.00", "rating": null, "image_url": null, "image": "1902897_742728509174813_3032960452075607415_n.jpg", "spotify_sample_url": null}}, {"model": "products.product", "pk": 14, "fields": {"category": 8, "sku": "snek003", "name": "SNEK hoodie", "description": "Kollective hoodie mens.", "has_sizes": true, "price": "35.00", "rating": null, "image_url": null, "image": "11081231_742728512508146_1543967151792372234_n.jpg", "spotify_sample_url": null}}, {"model": "products.product", "pk": 15, "fields": {"category": 11, "sku": "snek004", "name": "SNEK Forrest Green Unisex Logo T-shirt", "description": "A forrest green soft Unisex t-shirt with a large SNEK logo on the chest, screen printed with double layers of white color. A classic color combination perfect with jeans and khaki pants!\r\n\r\n100% cotton\r\n\r\nPrint technique 33 mm one color screen print", "has_sizes": true, "price": "20.00", "rating": null, "image_url": null, "image": "10408032_598035000310832_46630033474756700_n.jpg", "spotify_sample_url": null}}, {"model": "products.product", "pk": 16, "fields": {"category": 11, "sku": "snek005", "name": "SNEK Charcoal Unisex Logo T-shirt", "description": "A charcoal soft Unisex t-shirt with a large SNEK logo on the chest, screen printed with double layers of white color. A classic color combination perfect with jeans and khaki pants!\r\n\r\n100% cotton\r\n\r\nPrint technique 33 mm one color screen print", "has_sizes": true, "price": "20.00", "rating": null, "image_url": null, "image": "10440626_598034970310835_6544383126317889265_n.jpg", "spotify_sample_url": null}}, {"model": "products.product", "pk": 17, "fields": {"category": 11, "sku": "snek006", "name": "SNEK unisex red t-shirt", "description": "A red soft Unisex t-shirt with a large SNEK logo on the chest, screen printed with double layers of white color. A classic color combination perfect with jeans and khaki pants!\r\n\r\n100% cotton\r\n\r\nPrint technique 33 mm one color screen print", "has_sizes": true, "price": "25.00", "rating": null, "image_url": null, "image": "10463991_742729045841426_5805468556083783250_n.jpg", "spotify_sample_url": null}}, {"model": "products.product", "pk": 18, "fields": {"category": 11, "sku": "snek007", "name": "King of SNEK unisex t-shirt", "description": "A charcoal soft Unisex t-shirt with a large SNEK logo on the chest, screen printed with double layers of white color. A classic color combination perfect with jeans and khaki pants!\r\n\r\n100% cotton\r\n\r\nPrint technique 33 mm one color screen print", "has_sizes": true, "price": "30.00", "rating": null, "image_url": null, "image": "10609462_742728689174795_426682481889027517_n.jpg", "spotify_sample_url": null}}, {"model": "products.product", "pk": 19, "fields": {"category": 6, "sku": "snek008", "name": "Snek logo beanie", "description": "Snek logo beanie", "has_sizes": false, "price": "15.00", "rating": null, "image_url": null, "image": "11069615_742742632506734_6511926620398591909_n.jpg", "spotify_sample_url": null}}, {"model": "products.product", "pk": 20, "fields": {"category": 6, "sku": "snek008", "name": "snek floral cap", "description": "snek floral cap", "has_sizes": false, "price": "20.00", "rating": null, "image_url": null, "image": "17284_742742529173411_2216318522804281683_n.jpg", "spotify_sample_url": null}}, {"model": "products.product", "pk": 21, "fields": {"category": 12, "sku": "loc001", "name": "Hifi Shades Of Grey", "description": "Hot on the heels of their releases on Nu Groove and Refuge Recordings Acid Jerks are back once again with another EP of jackin' traxx.\r\n\r\nIt's their first for Local Talk and we are, of course both proud and honoured to release 'Hifi Shades Of Grey'. The Acid Jerks sound is tried and tested to perfection by now and their fans won't be disappointed listening to this EP for sure.\r\n\r\nFirst up is 'Shades Of Grey', a proper builder with its haunting strings, setting the tone perfectly. Then we have 'Wheels Of Fortune', a track with that raw Chicago vibe. Warehouse soul anyone? Both 'Rise Up' and 'Ace Of Spade' are tracks infused with that and equal parts of old-school and bounce.\r\n\r\nAcid Jerks makes music that is impossible to ignore, it's a fact.", "has_sizes": false, "price": "15.00", "rating": null, "image_url": null, "image": "a1174099760_10_ySscjeq.jpg", "spotify_sample_url": "https://open.spotify.com/track/5iyuczZfhVbzVkPQr0G3IU?si=191e93effc594992"}}, {"model": "products.product", "pk": 22, "fields": {"category": 12, "sku": "loc002", "name": "Hip Hop / g'Head", "description": "When it comes to breathing new life into classic cuts Joseph Caserta is as good as it gets, proven many times on his imprint BridgeBoots.\r\n\r\nMaking punchy and jackin' house, sounding like it's been dipped in some secret sauce is another trick of his.\r\n\r\nThe first track on his Local Talk debut, Hip Hop, comes in two flavours with the special sauce added on top.\r\nBoth the Rap Mix and the Haus Dub got swinging drums and a meaty, stabby chord that keeps the energy tight. g'Head' is a punchy and bumpy house jacker that takes a hold of you and doesn't let go.", "has_sizes": false, "price": "15.00", "rating": null, "image_url": null, "image": "a0293728211_10_nGMTUQO.jpg", "spotify_sample_url": null}}, {"model": "products.product", "pk": 23, "fields": {"category": 13, "sku": "loc003", "name": "1990's​​​-​​​ISH (Part 2)", "description": "Here's the second part of our 1990-ISH, a compilation reminiscent of 90's house music. Part two is full of energy and drive and seductive filled with house retro-futurism.\r\n\r\nPlenty of classics included from Dirtytwo, Art Of Tones, Chesus, Willie Graff & Tuccillo, DJ Steaw and more.", "has_sizes": false, "price": "7.00", "rating": null, "image_url": null, "image": "a3046789311_10_pa3nG7j.jpg", "spotify_sample_url": null}}, {"model": "products.product", "pk": 24, "fields": {"category": 13, "sku": "loc004", "name": "1990's​-​ISH (Part 1)", "description": "The new ISH compilation evokes memories of those sweaty basements parties circa 1990-ish, when clubbers would go crazy for tunes played in the club. A compilation with plenty of bumpin' basslines, razor sharp hihats and a lot of 90s New York percussion.\r\nTwelve tracks with sounds inspired from Burrell Brothers, Red Zone-era David Morales and more.\r\n\r\nWhat else do you need?", "has_sizes": false, "price": "7.00", "rating": null, "image_url": null, "image": "a3988175244_10_cEniz9L.jpg", "spotify_sample_url": null}}, {"model": "products.product", "pk": 25, "fields": {"category": 12, "sku": "loc005", "name": "Close To The Source (FT. Ricoh)", "description": "Dan Tenor-City and Tom Funk debuts on Local Talk with Close To The Source featuring Ricoh, a true nightlife veteran from the Paradise Garage to Body & Soul to 718 Sessions and beyond.\r\n\r\nClose To The Source is a deep cut that combines the raw 70s disco and funk feel and 80s proto house. A tune that is trippy & pacey in all the right places. On remix duties French veteran Art Of Tones adds his classic signature bump and the P.P.A. Dub is a deliciously deep journey and shows yet another side of the exceptional original.", "has_sizes": false, "price": "5.00", "rating": null, "image_url": null, "image": "dan-tenor-city-tom-funk_XrdqliQ.jpg", "spotify_sample_url": null}}, {"model": "products.product", "pk": 26, "fields": {"category": 13, "sku": "loc006", "name": "Jack​-​Ish", "description": "Do You Know Jack?\r\n\r\nThe fourth release in Local Talk series is called Jack-Ish.\r\nSince the very beginning of Local Talk we've made sure there's been a bit of jack present in the tunes we release.\r\n\r\nIf you want your tunes sweaty, funked-up mixed with killer vintage drum machine rhythms bonanza then look no further, this compilation is for you.\r\nEssential for fans of straight up unadulterated club traxxxx.", "has_sizes": false, "price": "8.00", "rating": null, "image_url": null, "image": "jack-ish_OEMzk3D.jpg", "spotify_sample_url": null}}, {"model": "products.product", "pk": 27, "fields": {"category": 12, "sku": "loc007", "name": "Massilia", "description": "Local Talk are proud to welcome a new member to the family, French-born, Berlin-based producer Maytra.\r\n\r\nMaytra makes his debut on Local Talk with Massilia. We first noticed this young aspiring producer after listening to his music on Visions Recordings.\r\n\r\nThese four tracks on this EP are very unique takes on dance music from a producer that is just starting in what we believe is a long journey in house music. He's showcasing his ability to seamlessly blend diverse influences and sounds.\r\n\r\nAll tracks are uplifting and Maytra knows a thing or two about blending jazz, broken beat, soul and deep house in his productions. Taking inspiration from producers such as Kyle Hall and Hannah and adds his own personal twist makes this a release we proud to present to you all.", "has_sizes": false, "price": "5.00", "rating": null, "image_url": null, "image": "maytra_FIvOVJ4.jpg", "spotify_sample_url": null}}, {"model": "products.product", "pk": 28, "fields": {"category": 12, "sku": "loc008", "name": "Let It Go", "description": "French producer, musician and DJ, Thomas Arroyo aka Laroye has over the last couple of years been dropping musical releases in all the rights places, Atjazz Record Company, Vision Recordings, Ocha Records and Freerange Records to drop a few names! It's now time for his long-awaited album and Local Talk are extremely proud to present 'Let It Go'.\r\n\r\n\r\nFrom his studio in Brighton where he resides nowadays, Laroye has produced eight highly musical compositions that will appeal to a wide audience of house heads as well as the jazz, soul, and funk communities. The album offers everything from vocal soul /boogie jams like 'Beauty in motion' and 'Grateful' to the deep vocal house of 'Let it go' to jazz-funk with a strong rare groove feel on 'People out there' plus some house cuts for the clubs!\r\n\r\n'Let It Go' is eight solid tracks that you'll want to play over and over and over. Local Talk coming at us once again with high quality dance music at its very best.", "has_sizes": false, "price": "15.00", "rating": null, "image_url": null, "image": "let-it-go_T8qSn5B.jpg", "spotify_sample_url": null}}, {"model": "products.product", "pk": 29, "fields": {"category": 13, "sku": "loc008", "name": "Sum Luv / Styrax (Zed Bias Remixes)", "description": "Now, this release is really special. Warsaw's finest producer, envee (yes spelled in lower case) has been around the block since the early 2000s and is arguably Poland's #1 producer of underground dance music...with soul.\r\n\r\nWith a sound that often leans towards the UK underground, we thought that we should enlist one of envee's (and our) fave producers to remix his new Local Talk release; Manchester's finest Zed Bias.\r\n\r\nWe asked Zed to give us that deep, soulful 2-Step rub but with a slight jazz edge and boy did he deliver. Not only did he remix one of the tracks, he got so inspired and remixed both tracks...don!\r\nIt's proper UK deep UK 2-step / garage that will work in any (!) decent club. Yup it's that good.\r\n\r\nWe of course need to mention the original mixes from envee himself.\r\nSum Luv is a warm and melodic hip hop / soul jam with a slight Dilla(ish) backbeat. A proper tune!\r\n\r\nStyrax sounds like a killer jazz-funk banger straight out the Bugz In The Attic playbook with jazzy Rhodes, breakbeats, big strings, and a bad bassline. West London meets Wars aw...bam!!", "has_sizes": false, "price": "10.00", "rating": null, "image_url": null, "image": "sumliv_g2g2QwC.jpeg", "spotify_sample_url": null}}, {"model": "products.product", "pk": 30, "fields": {"category": 13, "sku": "loc009", "name": "Local Talk - 13 Years Later (Part 2)", "description": "We've now been at this since 2010 and over the years we've really tried to deliver the kind of house music (and beyond) that we would play, listen and dance to ourselves.   We really tried to avoid the dangerous traps of following trends which in the long run can water down labels to just a music portal instead of a music brand with character. Basically, we aim to deliver our own musical personality via artists and producers that we love and respect. To sum things up, we are proud to present our second label compilation, Local Talk - 13 Years Later.\r\n \r\nIn part two of our 13 Years Later compilation we reached out to both regular in-house producers as well as some brand new friends on the house scene.   As always, we try and aim for a wide spectrum of styles and you'll hear everything from classic house, deep house, soulful house, dub and hip hop from some of our fave producers like Wipe The Needle, James L'Estraunge Orchestra, Damon Frost.\r\n\r\nWe also included producers like Glenn Davis, Rico Herrera, Aurelius and Caserta which we believe is doing exciting music and should be heard by many more.   \r\n\r\nWe sincerely hope you will enjoy this selection of dance MUSIC as much as we do and that there's something for everyone on our compilation.", "has_sizes": false, "price": "7.00", "rating": null, "image_url": null, "image": "local-talk-13-yeras-prt2.jpeg", "spotify_sample_url": null}}, {"model": "products.product", "pk": 31, "fields": {"category": 13, "sku": "loc010", "name": "Local Talk 13 Years Later (Part 1)", "description": "We've now been at this since 2010 and over the years we've really tried to deliver the kind of house music (and beyond) that we would play, listen and dance to ourselves.   We really tried to avoid the dangerous traps of following trends which in the long run can water down labels to just a music portal instead of a music brand with character. Basically, we aim to deliver our own musical personality via artists and producers that we love and respect. To sum things up, we are proud to present our second label compilation, Local Talk - 13 Years Later.\r\n \r\nIn part one of our 13 Years Later compilation we reached out to both regular in-house producers as well as some brand new friends on the house scene.   As always, we try and aim for a wide spectrum of styles and you'll hear everything from classic house, deep house, soulful house, Detroit(ish) house, broken, from some of our fave producers like Soul Renegades, Nico Lahs, Laroye, Alex Attias & Sohan Wilson. We also included producers like envee, Shaka, ManooZ, Dan Tenor-City & Tom Funk, Rawson And Jackson which we believe is doing exciting music and should be heard by many more.   \r\n\r\nWe sincerely hope you will enjoy this selection of dance MUSIC as much as we do and that there's something for everyone on our compilation.", "has_sizes": false, "price": "12.00", "rating": null, "image_url": null, "image": "local-talk-13-yeras-prt1.jpeg", "spotify_sample_url": null}}, {"model": "products.product", "pk": 32, "fields": {"category": 5, "sku": "snek010", "name": "Hifi Shades Of Grey", "description": "blah", "has_sizes": true, "price": "30.00", "rating": null, "image_url": null, "image": "11081310_742729512508046_7516659784047286190_n.jpg", "spotify_sample_url": null}}, {"model": "products.product", "pk": 33, "fields": {"category": 11, "sku": "snek011", "name": "t-shirts", "description": "blah", "has_sizes": true, "price": "25.00", "rating": null, "image_url": null, "image": "10609462_742728689174795_426682481889027517_n_mXGetYv.jpg", "spotify_sample_url": null}}, {"model": "products.product", "pk": 34, "fields": {"category": 4, "sku": "snek012", "name": "t-shirts", "description": "blah", "has_sizes": true, "price": "25.00", "rating": null, "image_url": null, "image": "11046648_742728999174764_4432297607541560432_n.jpg", "spotify_sample_url": null}}, {"model": "products.review", "pk": 1, "fields": {"product": 12, "user": 2, "content": "fab product i recomend", "rating": 4, "created_at": "2023-10-15T22:57:07.707Z"}}, {"model": "profiles.userprofile", "pk": 1, "fields": {"user": 2, "default_phone_number": "12345678", "default_street_address1": "Sköntorpsvägen 115", "default_street_address2": null, "default_town_or_city": "Årsta", "default_county": "stockholm", "default_postcode": "12053", "default_country": "SE"}}, {"model": "profiles.userprofile", "pk": 2, "fields": {"user": 3, "default_phone_number": null, "default_street_address1": null, "default_street_address2": null, "default_town_or_city": null, "default_county": null, "default_postcode": null, "default_country": null}}, {"model": "profiles.wishlist", "pk": 1, "fields": {"user": 2, "created_at": "2023-10-15T16:57:50.511Z"}}, {"model": "profiles.wishlistitem", "pk": 2, "fields": {"wishlist": 1, "product": 13, "added_at": "2023-10-15T17:10:23.919Z"}}, {"model": "profiles.wishlistitem", "pk": 3, "fields": {"wishlist": 1, "product": 14, "added_at": "2023-10-15T17:17:47.121Z"}}, {"model": "profiles.wishlistitem", "pk": 5, "fields": {"wishlist": 1, "product": 15, "added_at": "2023-10-15T18:22:08.516Z"}}, {"model": "profiles.wishlistitem", "pk": 6, "fields": {"wishlist": 1, "product": 17, "added_at": "2023-10-15T18:22:27.284Z"}}]